ID, Prenom, Nom, email
U547812, Olivia, Matthews, olivia.matthews@email.com
U238456, Noah, Johnson, noah.johnson@email.com
U901235, Ava, Williams, ava.wiliams@email.com
U345678, Liam, Brown, liam.brown@email.com
U112344, Emma, Davis, emma.davis@email.com
U778965, Christie, Monterro, christie.monterro@email.com
U456213, Nina, Williams, nina.wiliams@email.com
U981234, Asuka, Kazama, asuka.kazama@email.com
U124678, Martha, Jean, jean.martha@email.com
U234567, Trevor, Paul, paul.trevor@email.com